{"cameraMode":{"drawMode":0,"name":"Shaded","section":"Shading Mode"},"sceneLighting":false,"audioPlay":false,"sceneViewState":{"m_AlwaysRefresh":false,"showFog":true,"showSkybox":false,"showFlares":true,"showImageEffects":true,"showParticleSystems":true,"showVisualEffectGraphs":true,"m_FxEnabled":true},"in2DMode":false,"pivot":{"x":8.380000114440918,"y":1.5099999904632569,"z":11.276618957519532},"rotation":{"x":-0.07970064133405686,"y":-0.02481956034898758,"z":0.002002198714762926,"w":-0.9965441226959229},"size":0.8660253882408142,"orthographic":false}