{"cameraMode":{"drawMode":0,"name":"Shaded","section":"Shading Mode"},"sceneLighting":true,"audioPlay":false,"sceneViewState":{"m_AlwaysRefresh":false,"showFog":true,"showSkybox":true,"showFlares":true,"showImageEffects":true,"showParticleSystems":true,"showVisualEffectGraphs":true,"m_FxEnabled":true},"in2DMode":false,"pivot":{"x":2.6158788204193117,"y":-1.5215349197387696,"z":8.336605072021485},"rotation":{"x":0.024923309683799745,"y":-0.7465220093727112,"z":0.028007784858345987,"w":0.6643123626708984},"size":11.248478889465332,"orthographic":true}