{"cameraMode":{"drawMode":0,"name":"Shaded","section":"Shading Mode"},"sceneLighting":true,"audioPlay":false,"sceneViewState":{"m_AlwaysRefresh":false,"showFog":true,"showSkybox":true,"showFlares":true,"showImageEffects":true,"showParticleSystems":true,"showVisualEffectGraphs":true,"m_FxEnabled":true},"in2DMode":false,"pivot":{"x":-0.5616111755371094,"y":-1.4733161926269532,"z":37.29622268676758},"rotation":{"x":-0.13395331799983979,"y":0.26528820395469668,"z":-0.037361033260822299,"w":-0.9541511535644531},"size":7.485637187957764,"orthographic":false}