{"cameraMode":{"drawMode":0,"name":"Shaded","section":"Shading Mode"},"sceneLighting":true,"audioPlay":false,"sceneViewState":{"m_AlwaysRefresh":false,"showFog":true,"showSkybox":true,"showFlares":true,"showImageEffects":true,"showParticleSystems":true,"showVisualEffectGraphs":true,"m_FxEnabled":true},"in2DMode":false,"pivot":{"x":6.239999771118164,"y":-1.46331787109375,"z":33.11000061035156},"rotation":{"x":0.013085206970572472,"y":-0.9640707969665527,"z":0.048033732920885089,"w":0.2611960768699646},"size":22.174270629882814,"orthographic":true}