{"cameraMode":{"drawMode":0,"name":"Shaded","section":"Shading Mode"},"sceneLighting":true,"audioPlay":false,"sceneViewState":{"m_AlwaysRefresh":false,"showFog":true,"showSkybox":true,"showFlares":true,"showImageEffects":true,"showParticleSystems":true,"showVisualEffectGraphs":true,"m_FxEnabled":true},"in2DMode":false,"pivot":{"x":-2.372875213623047,"y":-1.0533161163330079,"z":9.606222152709961},"rotation":{"x":-0.4734014868736267,"y":-0.052793074399232867,"z":0.02845415286719799,"w":-0.8788408637046814},"size":1.3818970918655396,"orthographic":true}