{"cameraMode":{"drawMode":0,"name":"Shaded","section":"Shading Mode"},"sceneLighting":false,"audioPlay":false,"sceneViewState":{"m_AlwaysRefresh":false,"showFog":true,"showSkybox":false,"showFlares":true,"showImageEffects":true,"showParticleSystems":true,"showVisualEffectGraphs":true,"m_FxEnabled":true},"in2DMode":false,"pivot":{"x":-3.6700000762939455,"y":-0.4299999475479126,"z":16.770000457763673},"rotation":{"x":-0.11171804368495941,"y":0.1411173790693283,"z":-0.016056079417467119,"w":-0.9835941791534424},"size":0.8660288453102112,"orthographic":true}